library,precision,node,m,k,n,cores,threads,affinity,repetition,time_s,gflops
mkl,float,LOCAL,500,500,500,32,32,spread,1,0.007190829,34.766506
mkl,float,LOCAL,1000,1000,1000,32,32,spread,1,0.008783675,227.695128
mkl,float,LOCAL,500,500,500,32,32,spread,2,0.004634730,53.940575
mkl,float,LOCAL,1000,1000,1000,32,32,spread,2,0.006464266,309.393209
mkl,float,LOCAL,500,500,500,32,32,spread,3,0.003947351,63.333613
mkl,float,LOCAL,1000,1000,1000,32,32,spread,3,0.006273647,318.793837
mkl,float,LOCAL,500,500,500,32,32,spread,4,0.003916883,63.826262
mkl,float,LOCAL,1000,1000,1000,32,32,spread,4,0.005117201,390.838664
mkl,float,LOCAL,500,500,500,32,32,spread,5,0.003824032,65.376022
mkl,float,LOCAL,1000,1000,1000,32,32,spread,5,0.005848025,341.995802
mkl,float,LOCAL,500,500,500,32,32,spread,6,0.003118761,80.160038
mkl,float,LOCAL,1000,1000,1000,32,32,spread,6,0.005823167,343.455717
mkl,float,LOCAL,500,500,500,32,32,spread,7,0.003044406,82.117825
mkl,float,LOCAL,1000,1000,1000,32,32,spread,7,0.004348275,459.952510
mkl,float,LOCAL,500,500,500,32,32,spread,8,0.002501858,99.925735
mkl,float,LOCAL,1000,1000,1000,32,32,spread,8,0.004322930,462.649175
mkl,float,LOCAL,500,500,500,32,32,spread,9,0.002798637,89.329198
mkl,float,LOCAL,1000,1000,1000,32,32,spread,9,0.004112785,486.288488
mkl,float,LOCAL,500,500,500,32,32,spread,10,0.002594281,96.365814
mkl,float,LOCAL,1000,1000,1000,32,32,spread,10,0.004426088,451.866298
openblas,float,LOCAL,500,500,500,32,32,spread,1,0.016158700,15.471542
openblas,float,LOCAL,1000,1000,1000,32,32,spread,1,0.006941587,288.118553
openblas,float,LOCAL,500,500,500,32,32,spread,2,0.001124862,222.249485
openblas,float,LOCAL,1000,1000,1000,32,32,spread,2,0.008706396,229.716176
openblas,float,LOCAL,500,500,500,32,32,spread,3,0.000645286,387.425111
openblas,float,LOCAL,1000,1000,1000,32,32,spread,3,0.007411312,269.857753
openblas,float,LOCAL,500,500,500,32,32,spread,4,0.002577872,96.979214
openblas,float,LOCAL,1000,1000,1000,32,32,spread,4,0.007408245,269.969473
openblas,float,LOCAL,500,500,500,32,32,spread,5,0.001786989,139.900134
openblas,float,LOCAL,1000,1000,1000,32,32,spread,5,0.004360039,458.711493
openblas,float,LOCAL,500,500,500,32,32,spread,6,0.001281331,195.109616
openblas,float,LOCAL,1000,1000,1000,32,32,spread,6,0.004414279,453.075123
openblas,float,LOCAL,500,500,500,32,32,spread,7,0.012559933,19.904565
openblas,float,LOCAL,1000,1000,1000,32,32,spread,7,0.002166937,922.961766
openblas,float,LOCAL,500,500,500,32,32,spread,8,0.000603771,414.064273
openblas,float,LOCAL,1000,1000,1000,32,32,spread,8,0.003845972,520.024587
openblas,float,LOCAL,500,500,500,32,32,spread,9,0.001084773,230.462963
openblas,float,LOCAL,1000,1000,1000,32,32,spread,9,0.006219878,321.549715
openblas,float,LOCAL,500,500,500,32,32,spread,10,0.001538758,162.468692
openblas,float,LOCAL,1000,1000,1000,32,32,spread,10,0.007128820,280.551339
blis,float,LOCAL,500,500,500,32,32,spread,1,0.006852440,36.483355
blis,float,LOCAL,1000,1000,1000,32,32,spread,1,0.011285161,177.223878
blis,float,LOCAL,500,500,500,32,32,spread,2,0.003889427,64.276820
blis,float,LOCAL,1000,1000,1000,32,32,spread,2,0.011960193,167.221382
blis,float,LOCAL,500,500,500,32,32,spread,3,0.002495651,100.174263
blis,float,LOCAL,1000,1000,1000,32,32,spread,3,0.005034936,397.224513
blis,float,LOCAL,500,500,500,32,32,spread,4,0.002785297,89.757035
blis,float,LOCAL,1000,1000,1000,32,32,spread,4,0.003764186,531.323372
blis,float,LOCAL,500,500,500,32,32,spread,5,0.001815879,137.674371
blis,float,LOCAL,1000,1000,1000,32,32,spread,5,0.003437121,581.882337
blis,float,LOCAL,500,500,500,32,32,spread,6,0.005274287,47.399772
blis,float,LOCAL,1000,1000,1000,32,32,spread,6,0.003509396,569.898638
blis,float,LOCAL,500,500,500,32,32,spread,7,0.004852618,51.518582
blis,float,LOCAL,1000,1000,1000,32,32,spread,7,0.003792290,527.385828
blis,float,LOCAL,500,500,500,32,32,spread,8,0.001886551,132.516958
blis,float,LOCAL,1000,1000,1000,32,32,spread,8,0.002746229,728.271386
blis,float,LOCAL,500,500,500,32,32,spread,9,0.001744954,143.270252
blis,float,LOCAL,1000,1000,1000,32,32,spread,9,0.002876427,695.307060
blis,float,LOCAL,500,500,500,32,32,spread,10,0.001516578,164.844802
blis,float,LOCAL,1000,1000,1000,32,32,spread,10,0.002796733,715.120106
mkl,double,LOCAL,500,500,500,32,32,spread,1,0.003077913,81.223868
mkl,double,LOCAL,1000,1000,1000,32,32,spread,1,0.007225779,276.786766
mkl,double,LOCAL,500,500,500,32,32,spread,2,0.003910212,63.935152
mkl,double,LOCAL,1000,1000,1000,32,32,spread,2,0.006618244,302.194963
mkl,double,LOCAL,500,500,500,32,32,spread,3,0.002856568,87.517609
mkl,double,LOCAL,1000,1000,1000,32,32,spread,3,0.008990246,222.463323
mkl,double,LOCAL,500,500,500,32,32,spread,4,0.003820531,65.435930
mkl,double,LOCAL,1000,1000,1000,32,32,spread,4,0.008913342,224.382729
mkl,double,LOCAL,500,500,500,32,32,spread,5,0.003910247,63.934580
mkl,double,LOCAL,1000,1000,1000,32,32,spread,5,0.008875536,225.338503
mkl,double,LOCAL,500,500,500,32,32,spread,6,0.003344738,74.744270
mkl,double,LOCAL,1000,1000,1000,32,32,spread,6,0.009107173,219.607116
mkl,double,LOCAL,500,500,500,32,32,spread,7,0.004294491,58.214117
mkl,double,LOCAL,1000,1000,1000,32,32,spread,7,0.009508844,210.330509
mkl,double,LOCAL,500,500,500,32,32,spread,8,0.003446672,72.533737
mkl,double,LOCAL,1000,1000,1000,32,32,spread,8,0.009727573,205.601130
mkl,double,LOCAL,500,500,500,32,32,spread,9,0.004326740,57.780223
mkl,double,LOCAL,1000,1000,1000,32,32,spread,9,0.009114801,219.423331
mkl,double,LOCAL,500,500,500,32,32,spread,10,0.003319364,75.315633
mkl,double,LOCAL,1000,1000,1000,32,32,spread,10,0.008855439,225.849899
openblas,double,LOCAL,500,500,500,32,32,spread,1,0.001478677,169.070054
openblas,double,LOCAL,1000,1000,1000,32,32,spread,1,0.010930426,182.975485
openblas,double,LOCAL,500,500,500,32,32,spread,2,0.000769804,324.757990
openblas,double,LOCAL,1000,1000,1000,32,32,spread,2,0.004590421,435.689886
openblas,double,LOCAL,500,500,500,32,32,spread,3,0.008791903,28.435255
openblas,double,LOCAL,1000,1000,1000,32,32,spread,3,0.003219264,621.260015
openblas,double,LOCAL,500,500,500,32,32,spread,4,0.000661351,378.014095
openblas,double,LOCAL,1000,1000,1000,32,32,spread,4,0.005887447,339.705818
openblas,double,LOCAL,500,500,500,32,32,spread,5,0.003910314,63.933485
openblas,double,LOCAL,1000,1000,1000,32,32,spread,5,0.003631311,550.765275
openblas,double,LOCAL,500,500,500,32,32,spread,6,0.005351908,46.712313
openblas,double,LOCAL,1000,1000,1000,32,32,spread,6,0.004698411,425.675830
openblas,double,LOCAL,500,500,500,32,32,spread,7,0.000686416,364.210624
openblas,double,LOCAL,1000,1000,1000,32,32,spread,7,0.016396720,121.975615
openblas,double,LOCAL,500,500,500,32,32,spread,8,0.000643853,388.287389
openblas,double,LOCAL,1000,1000,1000,32,32,spread,8,0.003186334,627.680588
openblas,double,LOCAL,500,500,500,32,32,spread,9,0.005777444,43.271731
openblas,double,LOCAL,1000,1000,1000,32,32,spread,9,0.004036530,495.475074
openblas,double,LOCAL,500,500,500,32,32,spread,10,0.004340631,57.595313
openblas,double,LOCAL,1000,1000,1000,32,32,spread,10,0.007253313,275.736067
blis,double,LOCAL,500,500,500,32,32,spread,1,0.009162444,27.285296
blis,double,LOCAL,1000,1000,1000,32,32,spread,1,0.005422859,368.809147
blis,double,LOCAL,500,500,500,32,32,spread,2,0.002267467,110.255188
blis,double,LOCAL,1000,1000,1000,32,32,spread,2,0.005208865,383.960805
blis,double,LOCAL,500,500,500,32,32,spread,3,0.004034343,61.967959
blis,double,LOCAL,1000,1000,1000,32,32,spread,3,0.005158841,387.683978
blis,double,LOCAL,500,500,500,32,32,spread,4,0.002544107,98.266307
blis,double,LOCAL,1000,1000,1000,32,32,spread,4,0.005149565,388.382320
blis,double,LOCAL,500,500,500,32,32,spread,5,0.002600882,96.121239
blis,double,LOCAL,1000,1000,1000,32,32,spread,5,0.005806757,344.426330
blis,double,LOCAL,500,500,500,32,32,spread,6,0.002317596,107.870397
blis,double,LOCAL,1000,1000,1000,32,32,spread,6,0.008938392,223.753892
blis,double,LOCAL,500,500,500,32,32,spread,7,0.004852598,51.518795
blis,double,LOCAL,1000,1000,1000,32,32,spread,7,0.007683899,260.284525
blis,double,LOCAL,500,500,500,32,32,spread,8,0.006090397,41.048227
blis,double,LOCAL,1000,1000,1000,32,32,spread,8,0.005249706,380.973715
blis,double,LOCAL,500,500,500,32,32,spread,9,0.004221483,59.220895
blis,double,LOCAL,1000,1000,1000,32,32,spread,9,0.005665286,353.027191
blis,double,LOCAL,500,500,500,32,32,spread,10,0.003771642,66.284128
blis,double,LOCAL,1000,1000,1000,32,32,spread,10,0.005807154,344.402783
