library,precision,architecture,node,m,k,n,cores,threads,affinity,memory_policy,numa_nodes,repetition,time_s,gflops
mkl,double,THIN,thin007.hpc.rd.areasciencepark.it,10000,10000,10000,1,1,close,default,,1,30.446405362,65.689200
mkl,double,THIN,thin007.hpc.rd.areasciencepark.it,10000,10000,10000,2,2,close,default,,1,15.766660139,126.849947
mkl,double,THIN,thin007.hpc.rd.areasciencepark.it,10000,10000,10000,3,3,close,default,,1,10.100946384,198.001249
mkl,double,THIN,thin007.hpc.rd.areasciencepark.it,10000,10000,10000,4,4,close,default,,1,7.545309415,265.065339
mkl,double,THIN,thin007.hpc.rd.areasciencepark.it,10000,10000,10000,5,5,close,default,,1,6.014775429,332.514493
mkl,double,THIN,thin007.hpc.rd.areasciencepark.it,10000,10000,10000,6,6,close,default,,1,5.020231785,398.387980
mkl,double,THIN,thin007.hpc.rd.areasciencepark.it,10000,10000,10000,7,7,close,default,,1,4.258538942,469.644643
mkl,double,THIN,thin007.hpc.rd.areasciencepark.it,10000,10000,10000,8,8,close,default,,1,3.728978567,536.339902
mkl,double,THIN,thin007.hpc.rd.areasciencepark.it,10000,10000,10000,9,9,close,default,,1,3.319736726,602.457413
mkl,double,THIN,thin007.hpc.rd.areasciencepark.it,10000,10000,10000,10,10,close,default,,1,3.013086377,663.771213
mkl,double,THIN,thin007.hpc.rd.areasciencepark.it,10000,10000,10000,11,11,close,default,,1,2.737253338,730.659443
mkl,double,THIN,thin007.hpc.rd.areasciencepark.it,10000,10000,10000,12,12,close,default,,1,2.495811052,801.342713
mkl,double,THIN,thin007.hpc.rd.areasciencepark.it,10000,10000,10000,1,1,close,default,,2,30.200626074,66.223793
mkl,double,THIN,thin007.hpc.rd.areasciencepark.it,10000,10000,10000,2,2,close,default,,2,15.763392495,126.876242
mkl,double,THIN,thin007.hpc.rd.areasciencepark.it,10000,10000,10000,3,3,close,default,,2,10.226745499,195.565637
mkl,double,THIN,thin007.hpc.rd.areasciencepark.it,10000,10000,10000,4,4,close,default,,2,7.559696224,264.560895
mkl,double,THIN,thin007.hpc.rd.areasciencepark.it,10000,10000,10000,5,5,close,default,,2,6.026472164,331.869118
mkl,double,THIN,thin007.hpc.rd.areasciencepark.it,10000,10000,10000,6,6,close,default,,2,5.044440823,396.476056
mkl,double,THIN,thin007.hpc.rd.areasciencepark.it,10000,10000,10000,7,7,close,default,,2,4.293499253,465.820507
mkl,double,THIN,thin007.hpc.rd.areasciencepark.it,10000,10000,10000,8,8,close,default,,2,3.772860065,530.101823
mkl,double,THIN,thin007.hpc.rd.areasciencepark.it,10000,10000,10000,9,9,close,default,,2,3.315794435,603.173701
mkl,double,THIN,thin007.hpc.rd.areasciencepark.it,10000,10000,10000,10,10,close,default,,2,3.011501715,664.120492
mkl,double,THIN,thin007.hpc.rd.areasciencepark.it,10000,10000,10000,11,11,close,default,,2,2.736686988,730.810651
mkl,double,THIN,thin007.hpc.rd.areasciencepark.it,10000,10000,10000,12,12,close,default,,2,2.496609341,801.086484
mkl,double,THIN,thin007.hpc.rd.areasciencepark.it,10000,10000,10000,1,1,close,default,,3,30.307151603,65.991025
mkl,double,THIN,thin007.hpc.rd.areasciencepark.it,10000,10000,10000,2,2,close,default,,3,15.768462799,126.835445
mkl,double,THIN,thin007.hpc.rd.areasciencepark.it,10000,10000,10000,3,3,close,default,,3,10.253212191,195.060822
mkl,double,THIN,thin007.hpc.rd.areasciencepark.it,10000,10000,10000,4,4,close,default,,3,7.544026316,265.110422
mkl,double,THIN,thin007.hpc.rd.areasciencepark.it,10000,10000,10000,5,5,close,default,,3,6.024497168,331.977914
mkl,double,THIN,thin007.hpc.rd.areasciencepark.it,10000,10000,10000,6,6,close,default,,3,4.971993848,402.253112
mkl,double,THIN,thin007.hpc.rd.areasciencepark.it,10000,10000,10000,7,7,close,default,,3,4.293490747,465.821430
mkl,double,THIN,thin007.hpc.rd.areasciencepark.it,10000,10000,10000,8,8,close,default,,3,3.731003376,536.048831
mkl,double,THIN,thin007.hpc.rd.areasciencepark.it,10000,10000,10000,9,9,close,default,,3,3.317732515,602.821352
mkl,double,THIN,thin007.hpc.rd.areasciencepark.it,10000,10000,10000,10,10,close,default,,3,2.981205027,670.869659
mkl,double,THIN,thin007.hpc.rd.areasciencepark.it,10000,10000,10000,11,11,close,default,,3,2.736307500,730.912005
mkl,double,THIN,thin007.hpc.rd.areasciencepark.it,10000,10000,10000,12,12,close,default,,3,2.501781013,799.430482
mkl,double,THIN,thin007.hpc.rd.areasciencepark.it,10000,10000,10000,1,1,close,default,,4,30.425168083,65.735052
mkl,double,THIN,thin007.hpc.rd.areasciencepark.it,10000,10000,10000,2,2,close,default,,4,15.708813049,127.317067
mkl,double,THIN,thin007.hpc.rd.areasciencepark.it,10000,10000,10000,3,3,close,default,,4,10.119573618,197.636785
mkl,double,THIN,thin007.hpc.rd.areasciencepark.it,10000,10000,10000,4,4,close,default,,4,7.543283670,265.136522
mkl,double,THIN,thin007.hpc.rd.areasciencepark.it,10000,10000,10000,5,5,close,default,,4,6.035065830,331.396551
mkl,double,THIN,thin007.hpc.rd.areasciencepark.it,10000,10000,10000,6,6,close,default,,4,5.034479355,397.260543
mkl,double,THIN,thin007.hpc.rd.areasciencepark.it,10000,10000,10000,7,7,close,default,,4,4.258991163,469.594776
mkl,double,THIN,thin007.hpc.rd.areasciencepark.it,10000,10000,10000,8,8,close,default,,4,3.729188380,536.309726
mkl,double,THIN,thin007.hpc.rd.areasciencepark.it,10000,10000,10000,9,9,close,default,,4,3.320897245,602.246879
mkl,double,THIN,thin007.hpc.rd.areasciencepark.it,10000,10000,10000,10,10,close,default,,4,2.986035549,669.784390
mkl,double,THIN,thin007.hpc.rd.areasciencepark.it,10000,10000,10000,11,11,close,default,,4,2.741304621,729.579626
mkl,double,THIN,thin007.hpc.rd.areasciencepark.it,10000,10000,10000,12,12,close,default,,4,2.497029694,800.951629
mkl,double,THIN,thin007.hpc.rd.areasciencepark.it,10000,10000,10000,1,1,close,default,,5,30.439695028,65.703681
mkl,double,THIN,thin007.hpc.rd.areasciencepark.it,10000,10000,10000,2,2,close,default,,5,15.727192059,127.168282
mkl,double,THIN,thin007.hpc.rd.areasciencepark.it,10000,10000,10000,3,3,close,default,,5,10.254120975,195.043535
mkl,double,THIN,thin007.hpc.rd.areasciencepark.it,10000,10000,10000,4,4,close,default,,5,7.542504679,265.163906
mkl,double,THIN,thin007.hpc.rd.areasciencepark.it,10000,10000,10000,5,5,close,default,,5,6.023039083,332.058280
mkl,double,THIN,thin007.hpc.rd.areasciencepark.it,10000,10000,10000,6,6,close,default,,5,5.035541791,397.176726
mkl,double,THIN,thin007.hpc.rd.areasciencepark.it,10000,10000,10000,7,7,close,default,,5,4.313804697,463.627851
mkl,double,THIN,thin007.hpc.rd.areasciencepark.it,10000,10000,10000,8,8,close,default,,5,3.729742315,536.230075
mkl,double,THIN,thin007.hpc.rd.areasciencepark.it,10000,10000,10000,9,9,close,default,,5,3.313828798,603.531480
mkl,double,THIN,thin007.hpc.rd.areasciencepark.it,10000,10000,10000,10,10,close,default,,5,3.010723174,664.292226
mkl,double,THIN,thin007.hpc.rd.areasciencepark.it,10000,10000,10000,11,11,close,default,,5,2.716742647,736.175729
mkl,double,THIN,thin007.hpc.rd.areasciencepark.it,10000,10000,10000,12,12,close,default,,5,2.496495822,801.122911
mkl,double,THIN,thin007.hpc.rd.areasciencepark.it,10000,10000,10000,1,1,close,default,,6,30.274343299,66.062539
mkl,double,THIN,thin007.hpc.rd.areasciencepark.it,10000,10000,10000,2,2,close,default,,6,15.778973986,126.750954
mkl,double,THIN,thin007.hpc.rd.areasciencepark.it,10000,10000,10000,3,3,close,default,,6,10.228471242,195.532641
mkl,double,THIN,thin007.hpc.rd.areasciencepark.it,10000,10000,10000,4,4,close,default,,6,7.546943393,265.007950
mkl,double,THIN,thin007.hpc.rd.areasciencepark.it,10000,10000,10000,5,5,close,default,,6,6.006851081,332.953152
mkl,double,THIN,thin007.hpc.rd.areasciencepark.it,10000,10000,10000,6,6,close,default,,6,4.968573480,402.530024
mkl,double,THIN,thin007.hpc.rd.areasciencepark.it,10000,10000,10000,7,7,close,default,,6,4.258580583,469.640050
mkl,double,THIN,thin007.hpc.rd.areasciencepark.it,10000,10000,10000,8,8,close,default,,6,3.729245885,536.301457
mkl,double,THIN,thin007.hpc.rd.areasciencepark.it,10000,10000,10000,9,9,close,default,,6,3.354626542,596.191551
mkl,double,THIN,thin007.hpc.rd.areasciencepark.it,10000,10000,10000,10,10,close,default,,6,2.978305713,671.522736
mkl,double,THIN,thin007.hpc.rd.areasciencepark.it,10000,10000,10000,11,11,close,default,,6,2.715746677,736.445714
mkl,double,THIN,thin007.hpc.rd.areasciencepark.it,10000,10000,10000,12,12,close,default,,6,2.518127061,794.241097
mkl,double,THIN,thin007.hpc.rd.areasciencepark.it,10000,10000,10000,1,1,close,default,,7,30.145881518,66.344054
mkl,double,THIN,thin007.hpc.rd.areasciencepark.it,10000,10000,10000,2,2,close,default,,7,15.767738899,126.841268
mkl,double,THIN,thin007.hpc.rd.areasciencepark.it,10000,10000,10000,3,3,close,default,,7,10.124968344,197.531482
mkl,double,THIN,thin007.hpc.rd.areasciencepark.it,10000,10000,10000,4,4,close,default,,7,7.567606800,264.284344
mkl,double,THIN,thin007.hpc.rd.areasciencepark.it,10000,10000,10000,5,5,close,default,,7,6.032848138,331.518373
mkl,double,THIN,thin007.hpc.rd.areasciencepark.it,10000,10000,10000,6,6,close,default,,7,4.971891117,402.261424
mkl,double,THIN,thin007.hpc.rd.areasciencepark.it,10000,10000,10000,7,7,close,default,,7,4.263601327,469.087010
mkl,double,THIN,thin007.hpc.rd.areasciencepark.it,10000,10000,10000,8,8,close,default,,7,3.771793821,530.251677
mkl,double,THIN,thin007.hpc.rd.areasciencepark.it,10000,10000,10000,9,9,close,default,,7,3.315912884,603.152154
mkl,double,THIN,thin007.hpc.rd.areasciencepark.it,10000,10000,10000,10,10,close,default,,7,2.986223058,669.742334
mkl,double,THIN,thin007.hpc.rd.areasciencepark.it,10000,10000,10000,11,11,close,default,,7,2.737364236,730.629842
mkl,double,THIN,thin007.hpc.rd.areasciencepark.it,10000,10000,10000,12,12,close,default,,7,2.519774783,793.721730
mkl,double,THIN,thin007.hpc.rd.areasciencepark.it,10000,10000,10000,1,1,close,default,,8,30.204608856,66.215060
mkl,double,THIN,thin007.hpc.rd.areasciencepark.it,10000,10000,10000,2,2,close,default,,8,15.726592661,127.173129
mkl,double,THIN,thin007.hpc.rd.areasciencepark.it,10000,10000,10000,3,3,close,default,,8,10.225137486,195.596392
mkl,double,THIN,thin007.hpc.rd.areasciencepark.it,10000,10000,10000,4,4,close,default,,8,7.544799802,265.083243
mkl,double,THIN,thin007.hpc.rd.areasciencepark.it,10000,10000,10000,5,5,close,default,,8,6.031308811,331.602984
mkl,double,THIN,thin007.hpc.rd.areasciencepark.it,10000,10000,10000,6,6,close,default,,8,4.973307152,402.146889
mkl,double,THIN,thin007.hpc.rd.areasciencepark.it,10000,10000,10000,7,7,close,default,,8,4.291863861,465.998006
mkl,double,THIN,thin007.hpc.rd.areasciencepark.it,10000,10000,10000,8,8,close,default,,8,3.759771144,531.947271
mkl,double,THIN,thin007.hpc.rd.areasciencepark.it,10000,10000,10000,9,9,close,default,,8,3.314701506,603.372580
mkl,double,THIN,thin007.hpc.rd.areasciencepark.it,10000,10000,10000,10,10,close,default,,8,2.983405038,670.374949
mkl,double,THIN,thin007.hpc.rd.areasciencepark.it,10000,10000,10000,11,11,close,default,,8,2.715445576,736.527374
mkl,double,THIN,thin007.hpc.rd.areasciencepark.it,10000,10000,10000,12,12,close,default,,8,2.497052424,800.944338
mkl,double,THIN,thin007.hpc.rd.areasciencepark.it,10000,10000,10000,1,1,close,default,,9,30.200506717,66.224054
mkl,double,THIN,thin007.hpc.rd.areasciencepark.it,10000,10000,10000,2,2,close,default,,9,15.735414043,127.101835
mkl,double,THIN,thin007.hpc.rd.areasciencepark.it,10000,10000,10000,3,3,close,default,,9,10.230867523,195.486844
mkl,double,THIN,thin007.hpc.rd.areasciencepark.it,10000,10000,10000,4,4,close,default,,9,7.597767463,263.235221
mkl,double,THIN,thin007.hpc.rd.areasciencepark.it,10000,10000,10000,5,5,close,default,,9,6.012316895,332.650463
mkl,double,THIN,thin007.hpc.rd.areasciencepark.it,10000,10000,10000,6,6,close,default,,9,5.021715647,398.270261
mkl,double,THIN,thin007.hpc.rd.areasciencepark.it,10000,10000,10000,7,7,close,default,,9,4.261845985,469.280215
mkl,double,THIN,thin007.hpc.rd.areasciencepark.it,10000,10000,10000,8,8,close,default,,9,3.771490954,530.294259
mkl,double,THIN,thin007.hpc.rd.areasciencepark.it,10000,10000,10000,9,9,close,default,,9,3.314056375,603.490036
mkl,double,THIN,thin007.hpc.rd.areasciencepark.it,10000,10000,10000,10,10,close,default,,9,2.979516544,671.249839
mkl,double,THIN,thin007.hpc.rd.areasciencepark.it,10000,10000,10000,11,11,close,default,,9,2.716001182,736.376705
mkl,double,THIN,thin007.hpc.rd.areasciencepark.it,10000,10000,10000,12,12,close,default,,9,2.519858150,793.695471
mkl,double,THIN,thin007.hpc.rd.areasciencepark.it,10000,10000,10000,1,1,close,default,,10,30.275480368,66.060058
mkl,double,THIN,thin007.hpc.rd.areasciencepark.it,10000,10000,10000,2,2,close,default,,10,15.753030202,126.959701
mkl,double,THIN,thin007.hpc.rd.areasciencepark.it,10000,10000,10000,3,3,close,default,,10,10.121369771,197.601713
mkl,double,THIN,thin007.hpc.rd.areasciencepark.it,10000,10000,10000,4,4,close,default,,10,7.540080810,265.249147
mkl,double,THIN,thin007.hpc.rd.areasciencepark.it,10000,10000,10000,5,5,close,default,,10,6.035155325,331.391637
mkl,double,THIN,thin007.hpc.rd.areasciencepark.it,10000,10000,10000,6,6,close,default,,10,4.994627870,400.430233
mkl,double,THIN,thin007.hpc.rd.areasciencepark.it,10000,10000,10000,7,7,close,default,,10,4.314532191,463.549676
mkl,double,THIN,thin007.hpc.rd.areasciencepark.it,10000,10000,10000,8,8,close,default,,10,3.729416314,536.276948
mkl,double,THIN,thin007.hpc.rd.areasciencepark.it,10000,10000,10000,9,9,close,default,,10,3.317370482,602.887139
mkl,double,THIN,thin007.hpc.rd.areasciencepark.it,10000,10000,10000,10,10,close,default,,10,3.013067562,663.775358
mkl,double,THIN,thin007.hpc.rd.areasciencepark.it,10000,10000,10000,11,11,close,default,,10,2.735746214,731.061964
mkl,double,THIN,thin007.hpc.rd.areasciencepark.it,10000,10000,10000,12,12,close,default,,10,2.498252138,800.559707
