library,precision,architecture,node,m,k,n,cores,threads,affinity,memory_policy,numa_nodes,repetition,time_s,gflops
blis,float,EPYC,epyc008.hpc.rd.areasciencepark.it,20000,20000,20000,25,25,close,default,,7,8.797792571,1818.638013
blis,float,EPYC,epyc008.hpc.rd.areasciencepark.it,20000,20000,20000,26,26,close,default,,7,8.714235037,1836.076251
blis,float,EPYC,epyc008.hpc.rd.areasciencepark.it,20000,20000,20000,27,27,close,default,,7,7.996076131,2000.981449
blis,float,EPYC,epyc008.hpc.rd.areasciencepark.it,20000,20000,20000,28,28,close,default,,7,7.758576865,2062.233871
blis,float,EPYC,epyc008.hpc.rd.areasciencepark.it,20000,20000,20000,29,29,close,default,,7,7.838783950,2041.132923
blis,float,EPYC,epyc008.hpc.rd.areasciencepark.it,20000,20000,20000,30,30,close,default,,7,7.715344746,2073.789380
blis,float,EPYC,epyc008.hpc.rd.areasciencepark.it,20000,20000,20000,31,31,close,default,,7,7.772795381,2058.461495
blis,float,EPYC,epyc008.hpc.rd.areasciencepark.it,20000,20000,20000,32,32,close,default,,7,7.466962053,2142.772373
blis,float,EPYC,epyc008.hpc.rd.areasciencepark.it,20000,20000,20000,33,33,close,default,,7,7.641995351,2093.694024
blis,float,EPYC,epyc008.hpc.rd.areasciencepark.it,20000,20000,20000,34,34,close,default,,7,7.499300426,2133.532342
blis,float,EPYC,epyc008.hpc.rd.areasciencepark.it,20000,20000,20000,35,35,close,default,,7,7.556871718,2117.278233
blis,float,EPYC,epyc008.hpc.rd.areasciencepark.it,20000,20000,20000,36,36,close,default,,7,7.218950135,2216.388769
blis,float,EPYC,epyc008.hpc.rd.areasciencepark.it,20000,20000,20000,37,37,close,default,,7,7.180336684,2228.307767
blis,float,EPYC,epyc008.hpc.rd.areasciencepark.it,20000,20000,20000,38,38,close,default,,7,7.201711452,2221.694122
blis,float,EPYC,epyc008.hpc.rd.areasciencepark.it,20000,20000,20000,39,39,close,default,,7,7.459518181,2144.910651
blis,float,EPYC,epyc008.hpc.rd.areasciencepark.it,20000,20000,20000,40,40,close,default,,7,7.107590622,2251.114456
blis,float,EPYC,epyc008.hpc.rd.areasciencepark.it,20000,20000,20000,41,41,close,default,,7,7.164242508,2233.313568
blis,float,EPYC,epyc008.hpc.rd.areasciencepark.it,20000,20000,20000,42,42,close,default,,7,6.844430143,2337.667222
blis,float,EPYC,epyc008.hpc.rd.areasciencepark.it,20000,20000,20000,43,43,close,default,,7,7.052341689,2268.749971
blis,float,EPYC,epyc008.hpc.rd.areasciencepark.it,20000,20000,20000,44,44,close,default,,7,7.166802703,2232.515762
blis,float,EPYC,epyc008.hpc.rd.areasciencepark.it,20000,20000,20000,45,45,close,default,,7,7.397804635,2162.803803
blis,float,EPYC,epyc008.hpc.rd.areasciencepark.it,20000,20000,20000,46,46,close,default,,7,6.996618775,2286.818893
blis,float,EPYC,epyc008.hpc.rd.areasciencepark.it,20000,20000,20000,47,47,close,default,,7,6.991094728,2288.625834
blis,float,EPYC,epyc008.hpc.rd.areasciencepark.it,20000,20000,20000,48,48,close,default,,7,6.793400148,2355.227081
blis,float,EPYC,epyc008.hpc.rd.areasciencepark.it,20000,20000,20000,49,49,close,default,,7,6.903091110,2317.802235
blis,float,EPYC,epyc008.hpc.rd.areasciencepark.it,20000,20000,20000,50,50,close,default,,7,6.847671667,2336.560626
blis,float,EPYC,epyc008.hpc.rd.areasciencepark.it,20000,20000,20000,51,51,close,default,,7,6.843297598,2338.054099
blis,float,EPYC,epyc008.hpc.rd.areasciencepark.it,20000,20000,20000,52,52,close,default,,7,7.447136964,2148.476667
blis,float,EPYC,epyc008.hpc.rd.areasciencepark.it,20000,20000,20000,53,53,close,default,,7,7.428768810,2153.788926
blis,float,EPYC,epyc008.hpc.rd.areasciencepark.it,20000,20000,20000,54,54,close,default,,7,6.923556070,2310.951170
blis,float,EPYC,epyc008.hpc.rd.areasciencepark.it,20000,20000,20000,55,55,close,default,,7,7.020925376,2278.901874
blis,float,EPYC,epyc008.hpc.rd.areasciencepark.it,20000,20000,20000,56,56,close,default,,7,7.197459861,2223.006492
blis,float,EPYC,epyc008.hpc.rd.areasciencepark.it,20000,20000,20000,57,57,close,default,,7,6.884874899,2323.934746
blis,float,EPYC,epyc008.hpc.rd.areasciencepark.it,20000,20000,20000,58,58,close,default,,7,7.142723260,2240.041986
blis,float,EPYC,epyc008.hpc.rd.areasciencepark.it,20000,20000,20000,59,59,close,default,,7,7.121641753,2246.672966
blis,float,EPYC,epyc008.hpc.rd.areasciencepark.it,20000,20000,20000,60,60,close,default,,7,6.862284032,2331.585216
blis,float,EPYC,epyc008.hpc.rd.areasciencepark.it,20000,20000,20000,61,61,close,default,,7,6.835363897,2340.767842
blis,float,EPYC,epyc008.hpc.rd.areasciencepark.it,20000,20000,20000,62,62,close,default,,7,7.079734831,2259.971649
blis,float,EPYC,epyc008.hpc.rd.areasciencepark.it,20000,20000,20000,63,63,close,default,,7,8.208777528,1949.133101
blis,float,EPYC,epyc008.hpc.rd.areasciencepark.it,20000,20000,20000,64,64,close,default,,7,7.264449710,2202.506816
blis,float,EPYC,epyc008.hpc.rd.areasciencepark.it,20000,20000,20000,1,1,close,default,,8,164.456149787,97.290372
blis,float,EPYC,epyc008.hpc.rd.areasciencepark.it,20000,20000,20000,2,2,close,default,,8,83.052624366,192.648939
blis,float,EPYC,epyc008.hpc.rd.areasciencepark.it,20000,20000,20000,3,3,close,default,,8,55.588737270,287.828089
blis,float,EPYC,epyc008.hpc.rd.areasciencepark.it,20000,20000,20000,4,4,close,default,,8,42.821205218,373.646653
blis,float,EPYC,epyc008.hpc.rd.areasciencepark.it,20000,20000,20000,5,5,close,default,,8,35.571523214,449.798000
blis,float,EPYC,epyc008.hpc.rd.areasciencepark.it,20000,20000,20000,6,6,close,default,,8,29.279569588,546.456120
blis,float,EPYC,epyc008.hpc.rd.areasciencepark.it,20000,20000,20000,7,7,close,default,,8,25.131307246,636.656098
blis,float,EPYC,epyc008.hpc.rd.areasciencepark.it,20000,20000,20000,8,8,close,default,,8,22.330067803,716.522679
blis,float,EPYC,epyc008.hpc.rd.areasciencepark.it,20000,20000,20000,9,9,close,default,,8,19.847196815,806.159185
blis,float,EPYC,epyc008.hpc.rd.areasciencepark.it,20000,20000,20000,10,10,close,default,,8,18.057743608,886.046471
blis,float,EPYC,epyc008.hpc.rd.areasciencepark.it,20000,20000,20000,11,11,close,default,,8,15.948458539,1003.231752
blis,float,EPYC,epyc008.hpc.rd.areasciencepark.it,20000,20000,20000,12,12,close,default,,8,14.859381902,1076.760804
blis,float,EPYC,epyc008.hpc.rd.areasciencepark.it,20000,20000,20000,13,13,close,default,,8,14.908473979,1073.215141
blis,float,EPYC,epyc008.hpc.rd.areasciencepark.it,20000,20000,20000,14,14,close,default,,8,13.574830671,1178.651903
blis,float,EPYC,epyc008.hpc.rd.areasciencepark.it,20000,20000,20000,15,15,close,default,,8,12.719354214,1257.925499
blis,float,EPYC,epyc008.hpc.rd.areasciencepark.it,20000,20000,20000,16,16,close,default,,8,11.783560624,1357.823879
blis,float,EPYC,epyc008.hpc.rd.areasciencepark.it,20000,20000,20000,17,17,close,default,,8,11.838910507,1351.475711
blis,float,EPYC,epyc008.hpc.rd.areasciencepark.it,20000,20000,20000,18,18,close,default,,8,10.712474562,1493.585810
blis,float,EPYC,epyc008.hpc.rd.areasciencepark.it,20000,20000,20000,19,19,close,default,,8,10.741473068,1489.553611
blis,float,EPYC,epyc008.hpc.rd.areasciencepark.it,20000,20000,20000,20,20,close,default,,8,9.577884096,1670.515099
blis,float,EPYC,epyc008.hpc.rd.areasciencepark.it,20000,20000,20000,21,21,close,default,,8,9.828470880,1627.923631
blis,float,EPYC,epyc008.hpc.rd.areasciencepark.it,20000,20000,20000,22,22,close,default,,8,9.546785062,1675.956869
blis,float,EPYC,epyc008.hpc.rd.areasciencepark.it,20000,20000,20000,23,23,close,default,,8,9.566169196,1672.560841
blis,float,EPYC,epyc008.hpc.rd.areasciencepark.it,20000,20000,20000,24,24,close,default,,8,8.898410493,1798.073938
blis,float,EPYC,epyc008.hpc.rd.areasciencepark.it,20000,20000,20000,25,25,close,default,,8,8.751157497,1828.329567
blis,float,EPYC,epyc008.hpc.rd.areasciencepark.it,20000,20000,20000,26,26,close,default,,8,8.730515612,1832.652355
blis,float,EPYC,epyc008.hpc.rd.areasciencepark.it,20000,20000,20000,27,27,close,default,,8,8.028357301,1992.935715
blis,float,EPYC,epyc008.hpc.rd.areasciencepark.it,20000,20000,20000,28,28,close,default,,8,7.719401025,2072.699676
blis,float,EPYC,epyc008.hpc.rd.areasciencepark.it,20000,20000,20000,29,29,close,default,,8,7.835764572,2041.919439
blis,float,EPYC,epyc008.hpc.rd.areasciencepark.it,20000,20000,20000,30,30,close,default,,8,7.832162490,2042.858536
blis,float,EPYC,epyc008.hpc.rd.areasciencepark.it,20000,20000,20000,31,31,close,default,,8,7.750091201,2064.491834
blis,float,EPYC,epyc008.hpc.rd.areasciencepark.it,20000,20000,20000,32,32,close,default,,8,7.457257148,2145.560986
blis,float,EPYC,epyc008.hpc.rd.areasciencepark.it,20000,20000,20000,33,33,close,default,,8,7.675534508,2084.545380
blis,float,EPYC,epyc008.hpc.rd.areasciencepark.it,20000,20000,20000,34,34,close,default,,8,7.487954187,2136.765210
blis,float,EPYC,epyc008.hpc.rd.areasciencepark.it,20000,20000,20000,35,35,close,default,,8,7.565164461,2114.957326
blis,float,EPYC,epyc008.hpc.rd.areasciencepark.it,20000,20000,20000,36,36,close,default,,8,7.191345518,2224.896573
blis,float,EPYC,epyc008.hpc.rd.areasciencepark.it,20000,20000,20000,37,37,close,default,,8,7.205552906,2220.509683
blis,float,EPYC,epyc008.hpc.rd.areasciencepark.it,20000,20000,20000,38,38,close,default,,8,7.193327378,2224.283584
blis,float,EPYC,epyc008.hpc.rd.areasciencepark.it,20000,20000,20000,39,39,close,default,,8,7.491090593,2135.870579
blis,float,EPYC,epyc008.hpc.rd.areasciencepark.it,20000,20000,20000,40,40,close,default,,8,7.060307217,2266.190338
blis,float,EPYC,epyc008.hpc.rd.areasciencepark.it,20000,20000,20000,41,41,close,default,,8,7.200099169,2222.191615
blis,float,EPYC,epyc008.hpc.rd.areasciencepark.it,20000,20000,20000,42,42,close,default,,8,6.869028244,2329.295998
blis,float,EPYC,epyc008.hpc.rd.areasciencepark.it,20000,20000,20000,43,43,close,default,,8,7.054775093,2267.967411
blis,float,EPYC,epyc008.hpc.rd.areasciencepark.it,20000,20000,20000,44,44,close,default,,8,7.163768466,2233.461352
blis,float,EPYC,epyc008.hpc.rd.areasciencepark.it,20000,20000,20000,45,45,close,default,,8,7.390040762,2165.076015
blis,float,EPYC,epyc008.hpc.rd.areasciencepark.it,20000,20000,20000,46,46,close,default,,8,7.020879191,2278.916866
blis,float,EPYC,epyc008.hpc.rd.areasciencepark.it,20000,20000,20000,47,47,close,default,,8,7.055361654,2267.778859
blis,float,EPYC,epyc008.hpc.rd.areasciencepark.it,20000,20000,20000,48,48,close,default,,8,6.848802029,2336.174988
blis,float,EPYC,epyc008.hpc.rd.areasciencepark.it,20000,20000,20000,49,49,close,default,,8,6.944733263,2303.904181
blis,float,EPYC,epyc008.hpc.rd.areasciencepark.it,20000,20000,20000,50,50,close,default,,8,7.144614764,2239.448946
blis,float,EPYC,epyc008.hpc.rd.areasciencepark.it,20000,20000,20000,51,51,close,default,,8,6.843380002,2338.025946
blis,float,EPYC,epyc008.hpc.rd.areasciencepark.it,20000,20000,20000,52,52,close,default,,8,7.470239957,2141.832136
blis,float,EPYC,epyc008.hpc.rd.areasciencepark.it,20000,20000,20000,53,53,close,default,,8,7.362062697,2173.303958
blis,float,EPYC,epyc008.hpc.rd.areasciencepark.it,20000,20000,20000,54,54,close,default,,8,6.891997046,2321.533206
blis,float,EPYC,epyc008.hpc.rd.areasciencepark.it,20000,20000,20000,55,55,close,default,,8,7.025237391,2277.503109
blis,float,EPYC,epyc008.hpc.rd.areasciencepark.it,20000,20000,20000,56,56,close,default,,8,7.174243668,2230.200247
blis,float,EPYC,epyc008.hpc.rd.areasciencepark.it,20000,20000,20000,57,57,close,default,,8,6.882513065,2324.732238
blis,float,EPYC,epyc008.hpc.rd.areasciencepark.it,20000,20000,20000,58,58,close,default,,8,7.164063659,2233.369322
blis,float,EPYC,epyc008.hpc.rd.areasciencepark.it,20000,20000,20000,59,59,close,default,,8,7.165936856,2232.785513
blis,float,EPYC,epyc008.hpc.rd.areasciencepark.it,20000,20000,20000,60,60,close,default,,8,6.832012476,2341.916098
blis,float,EPYC,epyc008.hpc.rd.areasciencepark.it,20000,20000,20000,61,61,close,default,,8,6.865769148,2330.401686
blis,float,EPYC,epyc008.hpc.rd.areasciencepark.it,20000,20000,20000,62,62,close,default,,8,7.065613875,2264.488307
blis,float,EPYC,epyc008.hpc.rd.areasciencepark.it,20000,20000,20000,63,63,close,default,,8,8.196606728,1952.027288
blis,float,EPYC,epyc008.hpc.rd.areasciencepark.it,20000,20000,20000,64,64,close,default,,8,7.257246627,2204.692885
blis,float,EPYC,epyc008.hpc.rd.areasciencepark.it,20000,20000,20000,1,1,close,default,,9,164.123221757,97.487728
blis,float,EPYC,epyc008.hpc.rd.areasciencepark.it,20000,20000,20000,2,2,close,default,,9,83.059620822,192.632712
blis,float,EPYC,epyc008.hpc.rd.areasciencepark.it,20000,20000,20000,3,3,close,default,,9,55.898036582,286.235456
blis,float,EPYC,epyc008.hpc.rd.areasciencepark.it,20000,20000,20000,4,4,close,default,,9,42.721575075,374.518027
blis,float,EPYC,epyc008.hpc.rd.areasciencepark.it,20000,20000,20000,5,5,close,default,,9,35.578301301,449.712308
blis,float,EPYC,epyc008.hpc.rd.areasciencepark.it,20000,20000,20000,6,6,close,default,,9,29.150484576,548.875953
blis,float,EPYC,epyc008.hpc.rd.areasciencepark.it,20000,20000,20000,7,7,close,default,,9,25.460066477,628.435123
blis,float,EPYC,epyc008.hpc.rd.areasciencepark.it,20000,20000,20000,8,8,close,default,,9,22.384867256,714.768590
blis,float,EPYC,epyc008.hpc.rd.areasciencepark.it,20000,20000,20000,9,9,close,default,,9,19.753273125,809.992344
blis,float,EPYC,epyc008.hpc.rd.areasciencepark.it,20000,20000,20000,10,10,close,default,,9,18.254519023,876.495293
blis,float,EPYC,epyc008.hpc.rd.areasciencepark.it,20000,20000,20000,11,11,close,default,,9,15.991268800,1000.545998
blis,float,EPYC,epyc008.hpc.rd.areasciencepark.it,20000,20000,20000,12,12,close,default,,9,14.875007541,1075.629707
blis,float,EPYC,epyc008.hpc.rd.areasciencepark.it,20000,20000,20000,13,13,close,default,,9,14.917745252,1072.548145
blis,float,EPYC,epyc008.hpc.rd.areasciencepark.it,20000,20000,20000,14,14,close,default,,9,13.644836483,1172.604745
blis,float,EPYC,epyc008.hpc.rd.areasciencepark.it,20000,20000,20000,15,15,close,default,,9,12.698390711,1260.002182
blis,float,EPYC,epyc008.hpc.rd.areasciencepark.it,20000,20000,20000,16,16,close,default,,9,11.807872512,1355.028180
blis,float,EPYC,epyc008.hpc.rd.areasciencepark.it,20000,20000,20000,17,17,close,default,,9,11.889983919,1345.670449
blis,float,EPYC,epyc008.hpc.rd.areasciencepark.it,20000,20000,20000,18,18,close,default,,9,10.764233495,1486.404026
blis,float,EPYC,epyc008.hpc.rd.areasciencepark.it,20000,20000,20000,19,19,close,default,,9,10.754914904,1487.691920
blis,float,EPYC,epyc008.hpc.rd.areasciencepark.it,20000,20000,20000,20,20,close,default,,9,9.641845203,1659.433403
blis,float,EPYC,epyc008.hpc.rd.areasciencepark.it,20000,20000,20000,21,21,close,default,,9,9.777905617,1636.342242
blis,float,EPYC,epyc008.hpc.rd.areasciencepark.it,20000,20000,20000,22,22,close,default,,9,9.576136063,1670.820036
blis,float,EPYC,epyc008.hpc.rd.areasciencepark.it,20000,20000,20000,23,23,close,default,,9,9.582120778,1669.776490
blis,float,EPYC,epyc008.hpc.rd.areasciencepark.it,20000,20000,20000,24,24,close,default,,9,8.897546307,1798.248579
blis,float,EPYC,epyc008.hpc.rd.areasciencepark.it,20000,20000,20000,25,25,close,default,,9,8.895395910,1798.683292
blis,float,EPYC,epyc008.hpc.rd.areasciencepark.it,20000,20000,20000,26,26,close,default,,9,8.714211177,1836.081279
blis,float,EPYC,epyc008.hpc.rd.areasciencepark.it,20000,20000,20000,27,27,close,default,,9,8.045597667,1988.665188
blis,float,EPYC,epyc008.hpc.rd.areasciencepark.it,20000,20000,20000,28,28,close,default,,9,7.784919478,2055.255683
blis,float,EPYC,epyc008.hpc.rd.areasciencepark.it,20000,20000,20000,29,29,close,default,,9,7.746262235,2065.512310
blis,float,EPYC,epyc008.hpc.rd.areasciencepark.it,20000,20000,20000,30,30,close,default,,9,7.730619773,2069.691754
blis,float,EPYC,epyc008.hpc.rd.areasciencepark.it,20000,20000,20000,31,31,close,default,,9,7.805118132,2049.936943
blis,float,EPYC,epyc008.hpc.rd.areasciencepark.it,20000,20000,20000,32,32,close,default,,9,7.483874367,2137.930063
blis,float,EPYC,epyc008.hpc.rd.areasciencepark.it,20000,20000,20000,33,33,close,default,,9,7.698282866,2078.385567
blis,float,EPYC,epyc008.hpc.rd.areasciencepark.it,20000,20000,20000,34,34,close,default,,9,7.494864375,2134.795134
blis,float,EPYC,epyc008.hpc.rd.areasciencepark.it,20000,20000,20000,35,35,close,default,,9,7.573088348,2112.744400
blis,float,EPYC,epyc008.hpc.rd.areasciencepark.it,20000,20000,20000,36,36,close,default,,9,7.310044969,2188.769025
blis,float,EPYC,epyc008.hpc.rd.areasciencepark.it,20000,20000,20000,37,37,close,default,,9,7.122449289,2246.418241
blis,float,EPYC,epyc008.hpc.rd.areasciencepark.it,20000,20000,20000,38,38,close,default,,9,7.189395122,2225.500161
blis,float,EPYC,epyc008.hpc.rd.areasciencepark.it,20000,20000,20000,39,39,close,default,,9,7.370102381,2170.933207
blis,float,EPYC,epyc008.hpc.rd.areasciencepark.it,20000,20000,20000,40,40,close,default,,9,7.240535115,2209.781424
blis,float,EPYC,epyc008.hpc.rd.areasciencepark.it,20000,20000,20000,41,41,close,default,,9,7.210444402,2219.003311
blis,float,EPYC,epyc008.hpc.rd.areasciencepark.it,20000,20000,20000,42,42,close,default,,9,7.068758259,2263.480998
blis,float,EPYC,epyc008.hpc.rd.areasciencepark.it,20000,20000,20000,43,43,close,default,,9,6.862826442,2331.400937
blis,float,EPYC,epyc008.hpc.rd.areasciencepark.it,20000,20000,20000,44,44,close,default,,9,7.198618845,2222.648586
blis,float,EPYC,epyc008.hpc.rd.areasciencepark.it,20000,20000,20000,45,45,close,default,,9,7.430530869,2153.278182
blis,float,EPYC,epyc008.hpc.rd.areasciencepark.it,20000,20000,20000,46,46,close,default,,9,7.003886549,2284.445913
blis,float,EPYC,epyc008.hpc.rd.areasciencepark.it,20000,20000,20000,47,47,close,default,,9,7.089043104,2257.004192
blis,float,EPYC,epyc008.hpc.rd.areasciencepark.it,20000,20000,20000,48,48,close,default,,9,6.778830717,2360.289063
blis,float,EPYC,epyc008.hpc.rd.areasciencepark.it,20000,20000,20000,49,49,close,default,,9,6.917281327,2313.047459
blis,float,EPYC,epyc008.hpc.rd.areasciencepark.it,20000,20000,20000,50,50,close,default,,9,7.137885345,2241.560242
blis,float,EPYC,epyc008.hpc.rd.areasciencepark.it,20000,20000,20000,51,51,close,default,,9,6.872306927,2328.184723
blis,float,EPYC,epyc008.hpc.rd.areasciencepark.it,20000,20000,20000,52,52,close,default,,9,7.529455085,2124.987774
blis,float,EPYC,epyc008.hpc.rd.areasciencepark.it,20000,20000,20000,53,53,close,default,,9,7.552583609,2118.480354
blis,float,EPYC,epyc008.hpc.rd.areasciencepark.it,20000,20000,20000,54,54,close,default,,9,6.919772233,2312.214833
blis,float,EPYC,epyc008.hpc.rd.areasciencepark.it,20000,20000,20000,55,55,close,default,,9,7.025870224,2277.297970
blis,float,EPYC,epyc008.hpc.rd.areasciencepark.it,20000,20000,20000,56,56,close,default,,9,7.141053431,2240.565787
blis,float,EPYC,epyc008.hpc.rd.areasciencepark.it,20000,20000,20000,57,57,close,default,,9,6.874289449,2327.513282
blis,float,EPYC,epyc008.hpc.rd.areasciencepark.it,20000,20000,20000,58,58,close,default,,9,7.063411523,2265.194368
blis,float,EPYC,epyc008.hpc.rd.areasciencepark.it,20000,20000,20000,59,59,close,default,,9,7.115708758,2248.546216
blis,float,EPYC,epyc008.hpc.rd.areasciencepark.it,20000,20000,20000,60,60,close,default,,9,6.869646093,2329.086504
blis,float,EPYC,epyc008.hpc.rd.areasciencepark.it,20000,20000,20000,61,61,close,default,,9,6.902981405,2317.839070
blis,float,EPYC,epyc008.hpc.rd.areasciencepark.it,20000,20000,20000,62,62,close,default,,9,7.052431220,2268.721169
blis,float,EPYC,epyc008.hpc.rd.areasciencepark.it,20000,20000,20000,63,63,close,default,,9,8.269849060,1934.739060
blis,float,EPYC,epyc008.hpc.rd.areasciencepark.it,20000,20000,20000,64,64,close,default,,9,7.246237017,2208.042597
blis,float,EPYC,epyc008.hpc.rd.areasciencepark.it,20000,20000,20000,1,1,close,default,,10,164.407315825,97.319270
blis,float,EPYC,epyc008.hpc.rd.areasciencepark.it,20000,20000,20000,2,2,close,default,,10,83.202771190,192.301287
blis,float,EPYC,epyc008.hpc.rd.areasciencepark.it,20000,20000,20000,3,3,close,default,,10,55.950752077,285.965772
blis,float,EPYC,epyc008.hpc.rd.areasciencepark.it,20000,20000,20000,4,4,close,default,,10,42.860441471,373.304601
blis,float,EPYC,epyc008.hpc.rd.areasciencepark.it,20000,20000,20000,5,5,close,default,,10,35.942267189,445.158340
blis,float,EPYC,epyc008.hpc.rd.areasciencepark.it,20000,20000,20000,6,6,close,default,,10,29.277333624,546.497854
blis,float,EPYC,epyc008.hpc.rd.areasciencepark.it,20000,20000,20000,7,7,close,default,,10,25.448966150,628.709233
blis,float,EPYC,epyc008.hpc.rd.areasciencepark.it,20000,20000,20000,8,8,close,default,,10,22.268673183,718.498128
blis,float,EPYC,epyc008.hpc.rd.areasciencepark.it,20000,20000,20000,9,9,close,default,,10,19.617496891,815.598447
blis,float,EPYC,epyc008.hpc.rd.areasciencepark.it,20000,20000,20000,10,10,close,default,,10,18.111956858,883.394330
blis,float,EPYC,epyc008.hpc.rd.areasciencepark.it,20000,20000,20000,11,11,close,default,,10,15.842556182,1009.938031
blis,float,EPYC,epyc008.hpc.rd.areasciencepark.it,20000,20000,20000,12,12,close,default,,10,14.910090476,1073.098787
blis,float,EPYC,epyc008.hpc.rd.areasciencepark.it,20000,20000,20000,13,13,close,default,,10,14.883937513,1074.984357
blis,float,EPYC,epyc008.hpc.rd.areasciencepark.it,20000,20000,20000,14,14,close,default,,10,13.561030814,1179.851312
blis,float,EPYC,epyc008.hpc.rd.areasciencepark.it,20000,20000,20000,15,15,close,default,,10,12.701743687,1259.669569
blis,float,EPYC,epyc008.hpc.rd.areasciencepark.it,20000,20000,20000,16,16,close,default,,10,11.821402318,1353.477326
blis,float,EPYC,epyc008.hpc.rd.areasciencepark.it,20000,20000,20000,17,17,close,default,,10,11.796829430,1356.296630
blis,float,EPYC,epyc008.hpc.rd.areasciencepark.it,20000,20000,20000,18,18,close,default,,10,10.610330299,1507.964366
blis,float,EPYC,epyc008.hpc.rd.areasciencepark.it,20000,20000,20000,19,19,close,default,,10,10.646518950,1502.838634
blis,float,EPYC,epyc008.hpc.rd.areasciencepark.it,20000,20000,20000,20,20,close,default,,10,9.579309842,1670.266466
blis,float,EPYC,epyc008.hpc.rd.areasciencepark.it,20000,20000,20000,21,21,close,default,,10,9.755111458,1640.165781
blis,float,EPYC,epyc008.hpc.rd.areasciencepark.it,20000,20000,20000,22,22,close,default,,10,9.565108143,1672.746378
blis,float,EPYC,epyc008.hpc.rd.areasciencepark.it,20000,20000,20000,23,23,close,default,,10,9.537395984,1677.606763
blis,float,EPYC,epyc008.hpc.rd.areasciencepark.it,20000,20000,20000,24,24,close,default,,10,8.944463844,1788.815996
blis,float,EPYC,epyc008.hpc.rd.areasciencepark.it,20000,20000,20000,25,25,close,default,,10,8.750263883,1828.516284
blis,float,EPYC,epyc008.hpc.rd.areasciencepark.it,20000,20000,20000,26,26,close,default,,10,8.693517441,1840.451820
blis,float,EPYC,epyc008.hpc.rd.areasciencepark.it,20000,20000,20000,27,27,close,default,,10,8.034762362,1991.347009
blis,float,EPYC,epyc008.hpc.rd.areasciencepark.it,20000,20000,20000,28,28,close,default,,10,7.784256836,2055.430639
blis,float,EPYC,epyc008.hpc.rd.areasciencepark.it,20000,20000,20000,29,29,close,default,,10,7.784096505,2055.472975
blis,float,EPYC,epyc008.hpc.rd.areasciencepark.it,20000,20000,20000,30,30,close,default,,10,7.772679244,2058.492252
blis,float,EPYC,epyc008.hpc.rd.areasciencepark.it,20000,20000,20000,31,31,close,default,,10,7.710613166,2075.061951
blis,float,EPYC,epyc008.hpc.rd.areasciencepark.it,20000,20000,20000,32,32,close,default,,10,7.486924480,2137.059088
blis,float,EPYC,epyc008.hpc.rd.areasciencepark.it,20000,20000,20000,33,33,close,default,,10,7.707464255,2075.909725
blis,float,EPYC,epyc008.hpc.rd.areasciencepark.it,20000,20000,20000,34,34,close,default,,10,7.512368632,2129.820937
blis,float,EPYC,epyc008.hpc.rd.areasciencepark.it,20000,20000,20000,35,35,close,default,,10,7.573453027,2112.642667
blis,float,EPYC,epyc008.hpc.rd.areasciencepark.it,20000,20000,20000,36,36,close,default,,10,7.161290708,2234.234114
blis,float,EPYC,epyc008.hpc.rd.areasciencepark.it,20000,20000,20000,37,37,close,default,,10,7.270009619,2200.822398
blis,float,EPYC,epyc008.hpc.rd.areasciencepark.it,20000,20000,20000,38,38,close,default,,10,7.187761698,2226.005907
blis,float,EPYC,epyc008.hpc.rd.areasciencepark.it,20000,20000,20000,39,39,close,default,,10,7.405264142,2160.625157
blis,float,EPYC,epyc008.hpc.rd.areasciencepark.it,20000,20000,20000,40,40,close,default,,10,7.149237613,2238.000870
blis,float,EPYC,epyc008.hpc.rd.areasciencepark.it,20000,20000,20000,41,41,close,default,,10,7.084021672,2258.604045
blis,float,EPYC,epyc008.hpc.rd.areasciencepark.it,20000,20000,20000,42,42,close,default,,10,6.833042417,2341.563102
blis,float,EPYC,epyc008.hpc.rd.areasciencepark.it,20000,20000,20000,43,43,close,default,,10,7.089958446,2256.712803
blis,float,EPYC,epyc008.hpc.rd.areasciencepark.it,20000,20000,20000,44,44,close,default,,10,7.112079932,2249.693501
blis,float,EPYC,epyc008.hpc.rd.areasciencepark.it,20000,20000,20000,45,45,close,default,,10,7.497284036,2134.106154
blis,float,EPYC,epyc008.hpc.rd.areasciencepark.it,20000,20000,20000,46,46,close,default,,10,7.010999630,2282.128205
blis,float,EPYC,epyc008.hpc.rd.areasciencepark.it,20000,20000,20000,47,47,close,default,,10,7.017792982,2279.919063
blis,float,EPYC,epyc008.hpc.rd.areasciencepark.it,20000,20000,20000,48,48,close,default,,10,6.819050684,2346.367660
blis,float,EPYC,epyc008.hpc.rd.areasciencepark.it,20000,20000,20000,49,49,close,default,,10,6.929814934,2308.863967
blis,float,EPYC,epyc008.hpc.rd.areasciencepark.it,20000,20000,20000,50,50,close,default,,10,7.138636403,2241.324407
blis,float,EPYC,epyc008.hpc.rd.areasciencepark.it,20000,20000,20000,51,51,close,default,,10,6.849921181,2335.793300
blis,float,EPYC,epyc008.hpc.rd.areasciencepark.it,20000,20000,20000,52,52,close,default,,10,7.422168804,2155.704137
blis,float,EPYC,epyc008.hpc.rd.areasciencepark.it,20000,20000,20000,53,53,close,default,,10,7.411948058,2158.676757
blis,float,EPYC,epyc008.hpc.rd.areasciencepark.it,20000,20000,20000,54,54,close,default,,10,6.937915851,2306.168069
blis,float,EPYC,epyc008.hpc.rd.areasciencepark.it,20000,20000,20000,55,55,close,default,,10,6.997111831,2286.657751
blis,float,EPYC,epyc008.hpc.rd.areasciencepark.it,20000,20000,20000,56,56,close,default,,10,7.205318264,2220.581994
blis,float,EPYC,epyc008.hpc.rd.areasciencepark.it,20000,20000,20000,57,57,close,default,,10,6.863582556,2331.144103
blis,float,EPYC,epyc008.hpc.rd.areasciencepark.it,20000,20000,20000,58,58,close,default,,10,7.028580071,2276.419965
blis,float,EPYC,epyc008.hpc.rd.areasciencepark.it,20000,20000,20000,59,59,close,default,,10,7.103424304,2252.434786
blis,float,EPYC,epyc008.hpc.rd.areasciencepark.it,20000,20000,20000,60,60,close,default,,10,6.859277004,2332.607357
blis,float,EPYC,epyc008.hpc.rd.areasciencepark.it,20000,20000,20000,61,61,close,default,,10,6.877225056,2326.519762
blis,float,EPYC,epyc008.hpc.rd.areasciencepark.it,20000,20000,20000,62,62,close,default,,10,7.040353030,2272.613310
blis,float,EPYC,epyc008.hpc.rd.areasciencepark.it,20000,20000,20000,63,63,close,default,,10,8.228599432,1944.437827
blis,float,EPYC,epyc008.hpc.rd.areasciencepark.it,20000,20000,20000,64,64,close,default,,10,7.265090535,2202.312541
