library,precision,architecture,node,m,k,n,cores,threads,affinity,repetition,time_s,gflops
mkl,double,THIN,thin003.hpc.rd.areasciencepark.it,10000,10000,10000,1,1,spread,1,30.133112473,66.372168
mkl,double,THIN,thin003.hpc.rd.areasciencepark.it,10000,10000,10000,2,2,spread,1,15.777897931,126.759598
mkl,double,THIN,thin003.hpc.rd.areasciencepark.it,10000,10000,10000,3,3,spread,1,10.227718873,195.547025
mkl,double,THIN,thin003.hpc.rd.areasciencepark.it,10000,10000,10000,4,4,spread,1,7.543207676,265.139194
mkl,double,THIN,thin003.hpc.rd.areasciencepark.it,10000,10000,10000,5,5,spread,1,6.012823762,332.622422
mkl,double,THIN,thin003.hpc.rd.areasciencepark.it,10000,10000,10000,6,6,spread,1,4.967329912,402.630797
mkl,double,THIN,thin003.hpc.rd.areasciencepark.it,10000,10000,10000,7,7,spread,1,4.254946599,470.041152
mkl,double,THIN,thin003.hpc.rd.areasciencepark.it,10000,10000,10000,8,8,spread,1,3.727554483,536.544807
mkl,double,THIN,thin003.hpc.rd.areasciencepark.it,10000,10000,10000,9,9,spread,1,3.312267313,603.816000
mkl,double,THIN,thin003.hpc.rd.areasciencepark.it,10000,10000,10000,10,10,spread,1,2.978165402,671.554373
mkl,double,THIN,thin003.hpc.rd.areasciencepark.it,10000,10000,10000,11,11,spread,1,2.715934663,736.394740
mkl,double,THIN,thin003.hpc.rd.areasciencepark.it,10000,10000,10000,12,12,spread,1,2.491544780,802.714852
mkl,double,THIN,thin003.hpc.rd.areasciencepark.it,10000,10000,10000,1,1,spread,2,30.345360422,65.907934
mkl,double,THIN,thin003.hpc.rd.areasciencepark.it,10000,10000,10000,2,2,spread,2,15.753110579,126.959053
mkl,double,THIN,thin003.hpc.rd.areasciencepark.it,10000,10000,10000,3,3,spread,2,10.225420724,195.590974
mkl,double,THIN,thin003.hpc.rd.areasciencepark.it,10000,10000,10000,4,4,spread,2,7.563294344,264.435034
mkl,double,THIN,thin003.hpc.rd.areasciencepark.it,10000,10000,10000,5,5,spread,2,6.010948903,332.726169
mkl,double,THIN,thin003.hpc.rd.areasciencepark.it,10000,10000,10000,6,6,spread,2,4.971322176,402.307461
mkl,double,THIN,thin003.hpc.rd.areasciencepark.it,10000,10000,10000,7,7,spread,2,4.267329269,468.677216
mkl,double,THIN,thin003.hpc.rd.areasciencepark.it,10000,10000,10000,8,8,spread,2,3.743793270,534.217532
mkl,double,THIN,thin003.hpc.rd.areasciencepark.it,10000,10000,10000,9,9,spread,2,3.315129467,603.294689
mkl,double,THIN,thin003.hpc.rd.areasciencepark.it,10000,10000,10000,10,10,spread,2,2.977876360,671.619556
mkl,double,THIN,thin003.hpc.rd.areasciencepark.it,10000,10000,10000,11,11,spread,2,2.717821723,735.883440
mkl,double,THIN,thin003.hpc.rd.areasciencepark.it,10000,10000,10000,12,12,spread,2,2.496666035,801.068293
mkl,double,THIN,thin003.hpc.rd.areasciencepark.it,10000,10000,10000,1,1,spread,3,30.184094664,66.260063
mkl,double,THIN,thin003.hpc.rd.areasciencepark.it,10000,10000,10000,2,2,spread,3,15.753835938,126.953207
mkl,double,THIN,thin003.hpc.rd.areasciencepark.it,10000,10000,10000,3,3,spread,3,10.137170287,197.293716
mkl,double,THIN,thin003.hpc.rd.areasciencepark.it,10000,10000,10000,4,4,spread,3,7.566136651,264.335696
mkl,double,THIN,thin003.hpc.rd.areasciencepark.it,10000,10000,10000,5,5,spread,3,6.008923543,332.838317
mkl,double,THIN,thin003.hpc.rd.areasciencepark.it,10000,10000,10000,6,6,spread,3,5.028250868,397.752629
mkl,double,THIN,thin003.hpc.rd.areasciencepark.it,10000,10000,10000,7,7,spread,3,4.310265299,464.008561
mkl,double,THIN,thin003.hpc.rd.areasciencepark.it,10000,10000,10000,8,8,spread,3,3.727637661,536.532834
mkl,double,THIN,thin003.hpc.rd.areasciencepark.it,10000,10000,10000,9,9,spread,3,3.318857438,602.617026
mkl,double,THIN,thin003.hpc.rd.areasciencepark.it,10000,10000,10000,10,10,spread,3,2.979357860,671.285590
mkl,double,THIN,thin003.hpc.rd.areasciencepark.it,10000,10000,10000,11,11,spread,3,2.717668941,735.924810
mkl,double,THIN,thin003.hpc.rd.areasciencepark.it,10000,10000,10000,12,12,spread,3,2.492277199,802.478954
mkl,double,THIN,thin003.hpc.rd.areasciencepark.it,10000,10000,10000,1,1,spread,4,30.128344654,66.382671
mkl,double,THIN,thin003.hpc.rd.areasciencepark.it,10000,10000,10000,2,2,spread,4,15.721060394,127.217882
mkl,double,THIN,thin003.hpc.rd.areasciencepark.it,10000,10000,10000,3,3,spread,4,10.205205186,195.978421
mkl,double,THIN,thin003.hpc.rd.areasciencepark.it,10000,10000,10000,4,4,spread,4,7.531487099,265.551806
mkl,double,THIN,thin003.hpc.rd.areasciencepark.it,10000,10000,10000,5,5,spread,4,6.006210997,332.988635
mkl,double,THIN,thin003.hpc.rd.areasciencepark.it,10000,10000,10000,6,6,spread,4,5.021786756,398.264621
mkl,double,THIN,thin003.hpc.rd.areasciencepark.it,10000,10000,10000,7,7,spread,4,4.256993327,469.815160
mkl,double,THIN,thin003.hpc.rd.areasciencepark.it,10000,10000,10000,8,8,spread,4,3.726045183,536.762144
mkl,double,THIN,thin003.hpc.rd.areasciencepark.it,10000,10000,10000,9,9,spread,4,3.315332755,603.257696
mkl,double,THIN,thin003.hpc.rd.areasciencepark.it,10000,10000,10000,10,10,spread,4,2.978496796,671.479655
mkl,double,THIN,thin003.hpc.rd.areasciencepark.it,10000,10000,10000,11,11,spread,4,2.714236315,736.855516
mkl,double,THIN,thin003.hpc.rd.areasciencepark.it,10000,10000,10000,12,12,spread,4,2.494130435,801.882681
mkl,double,THIN,thin003.hpc.rd.areasciencepark.it,10000,10000,10000,1,1,spread,5,30.269191034,66.073784
mkl,double,THIN,thin003.hpc.rd.areasciencepark.it,10000,10000,10000,2,2,spread,5,15.746298134,127.013980
mkl,double,THIN,thin003.hpc.rd.areasciencepark.it,10000,10000,10000,3,3,spread,5,10.130581733,197.422029
mkl,double,THIN,thin003.hpc.rd.areasciencepark.it,10000,10000,10000,4,4,spread,5,7.559431046,264.570176
mkl,double,THIN,thin003.hpc.rd.areasciencepark.it,10000,10000,10000,5,5,spread,5,6.003969750,333.112937
mkl,double,THIN,thin003.hpc.rd.areasciencepark.it,10000,10000,10000,6,6,spread,5,4.972590106,402.204879
mkl,double,THIN,thin003.hpc.rd.areasciencepark.it,10000,10000,10000,7,7,spread,5,4.253788611,470.169109
mkl,double,THIN,thin003.hpc.rd.areasciencepark.it,10000,10000,10000,8,8,spread,5,3.727206442,536.594909
mkl,double,THIN,thin003.hpc.rd.areasciencepark.it,10000,10000,10000,9,9,spread,5,3.313650622,603.563932
mkl,double,THIN,thin003.hpc.rd.areasciencepark.it,10000,10000,10000,10,10,spread,5,2.975613394,672.130326
mkl,double,THIN,thin003.hpc.rd.areasciencepark.it,10000,10000,10000,11,11,spread,5,2.715822813,736.425068
mkl,double,THIN,thin003.hpc.rd.areasciencepark.it,10000,10000,10000,12,12,spread,5,2.495065199,801.582260
mkl,double,THIN,thin003.hpc.rd.areasciencepark.it,10000,10000,10000,1,1,spread,6,30.185310161,66.257394
mkl,double,THIN,thin003.hpc.rd.areasciencepark.it,10000,10000,10000,2,2,spread,6,15.778873490,126.751761
mkl,double,THIN,thin003.hpc.rd.areasciencepark.it,10000,10000,10000,3,3,spread,6,10.170488047,196.647397
mkl,double,THIN,thin003.hpc.rd.areasciencepark.it,10000,10000,10000,4,4,spread,6,7.536888584,265.361492
mkl,double,THIN,thin003.hpc.rd.areasciencepark.it,10000,10000,10000,5,5,spread,6,6.007971757,332.891046
mkl,double,THIN,thin003.hpc.rd.areasciencepark.it,10000,10000,10000,6,6,spread,6,4.969787654,402.431681
mkl,double,THIN,thin003.hpc.rd.areasciencepark.it,10000,10000,10000,7,7,spread,6,4.256219723,469.900553
mkl,double,THIN,thin003.hpc.rd.areasciencepark.it,10000,10000,10000,8,8,spread,6,3.726530495,536.692240
mkl,double,THIN,thin003.hpc.rd.areasciencepark.it,10000,10000,10000,9,9,spread,6,3.314739340,603.365693
mkl,double,THIN,thin003.hpc.rd.areasciencepark.it,10000,10000,10000,10,10,spread,6,2.977535244,671.696499
mkl,double,THIN,thin003.hpc.rd.areasciencepark.it,10000,10000,10000,11,11,spread,6,2.716194848,736.324201
mkl,double,THIN,thin003.hpc.rd.areasciencepark.it,10000,10000,10000,12,12,spread,6,2.494495721,801.765256
mkl,double,THIN,thin003.hpc.rd.areasciencepark.it,10000,10000,10000,1,1,spread,7,30.441623717,65.699518
mkl,double,THIN,thin003.hpc.rd.areasciencepark.it,10000,10000,10000,2,2,spread,7,15.769803376,126.824663
mkl,double,THIN,thin003.hpc.rd.areasciencepark.it,10000,10000,10000,3,3,spread,7,10.192933113,196.214375
mkl,double,THIN,thin003.hpc.rd.areasciencepark.it,10000,10000,10000,4,4,spread,7,7.535501929,265.410323
mkl,double,THIN,thin003.hpc.rd.areasciencepark.it,10000,10000,10000,5,5,spread,7,6.014835785,332.511156
mkl,double,THIN,thin003.hpc.rd.areasciencepark.it,10000,10000,10000,6,6,spread,7,4.966005578,402.738170
mkl,double,THIN,thin003.hpc.rd.areasciencepark.it,10000,10000,10000,7,7,spread,7,4.254484042,470.092256
mkl,double,THIN,thin003.hpc.rd.areasciencepark.it,10000,10000,10000,8,8,spread,7,3.727548037,536.545735
mkl,double,THIN,thin003.hpc.rd.areasciencepark.it,10000,10000,10000,9,9,spread,7,3.315572025,603.214162
mkl,double,THIN,thin003.hpc.rd.areasciencepark.it,10000,10000,10000,10,10,spread,7,2.977295039,671.750691
mkl,double,THIN,thin003.hpc.rd.areasciencepark.it,10000,10000,10000,11,11,spread,7,2.715563501,736.495390
mkl,double,THIN,thin003.hpc.rd.areasciencepark.it,10000,10000,10000,12,12,spread,7,2.518403033,794.154063
mkl,double,THIN,thin003.hpc.rd.areasciencepark.it,10000,10000,10000,1,1,spread,8,30.292875434,66.022125
mkl,double,THIN,thin003.hpc.rd.areasciencepark.it,10000,10000,10000,2,2,spread,8,15.776218271,126.773094
mkl,double,THIN,thin003.hpc.rd.areasciencepark.it,10000,10000,10000,3,3,spread,8,10.112982449,197.765596
mkl,double,THIN,thin003.hpc.rd.areasciencepark.it,10000,10000,10000,4,4,spread,8,7.568164634,264.264864
mkl,double,THIN,thin003.hpc.rd.areasciencepark.it,10000,10000,10000,5,5,spread,8,6.004425758,333.087639
mkl,double,THIN,thin003.hpc.rd.areasciencepark.it,10000,10000,10000,6,6,spread,8,5.027625010,397.802142
mkl,double,THIN,thin003.hpc.rd.areasciencepark.it,10000,10000,10000,7,7,spread,8,4.267626164,468.644610
mkl,double,THIN,thin003.hpc.rd.areasciencepark.it,10000,10000,10000,8,8,spread,8,3.726859208,536.644903
mkl,double,THIN,thin003.hpc.rd.areasciencepark.it,10000,10000,10000,9,9,spread,8,3.314221098,603.460041
mkl,double,THIN,thin003.hpc.rd.areasciencepark.it,10000,10000,10000,10,10,spread,8,2.998435144,667.014594
mkl,double,THIN,thin003.hpc.rd.areasciencepark.it,10000,10000,10000,11,11,spread,8,2.715900676,736.403955
mkl,double,THIN,thin003.hpc.rd.areasciencepark.it,10000,10000,10000,12,12,spread,8,2.493038877,802.233779
mkl,double,THIN,thin003.hpc.rd.areasciencepark.it,10000,10000,10000,1,1,spread,9,30.354626229,65.887815
mkl,double,THIN,thin003.hpc.rd.areasciencepark.it,10000,10000,10000,2,2,spread,9,15.807359501,126.523345
mkl,double,THIN,thin003.hpc.rd.areasciencepark.it,10000,10000,10000,3,3,spread,9,10.135106869,197.333884
mkl,double,THIN,thin003.hpc.rd.areasciencepark.it,10000,10000,10000,4,4,spread,9,7.538407337,265.308030
mkl,double,THIN,thin003.hpc.rd.areasciencepark.it,10000,10000,10000,5,5,spread,9,6.007057157,332.941730
mkl,double,THIN,thin003.hpc.rd.areasciencepark.it,10000,10000,10000,6,6,spread,9,5.020859368,398.338183
mkl,double,THIN,thin003.hpc.rd.areasciencepark.it,10000,10000,10000,7,7,spread,9,4.257357366,469.774987
mkl,double,THIN,thin003.hpc.rd.areasciencepark.it,10000,10000,10000,8,8,spread,9,3.727750810,536.516549
mkl,double,THIN,thin003.hpc.rd.areasciencepark.it,10000,10000,10000,9,9,spread,9,3.311425557,603.969489
mkl,double,THIN,thin003.hpc.rd.areasciencepark.it,10000,10000,10000,10,10,spread,9,2.979600826,671.230852
mkl,double,THIN,thin003.hpc.rd.areasciencepark.it,10000,10000,10000,11,11,spread,9,2.716004903,736.375696
mkl,double,THIN,thin003.hpc.rd.areasciencepark.it,10000,10000,10000,12,12,spread,9,2.494191738,801.862972
mkl,double,THIN,thin003.hpc.rd.areasciencepark.it,10000,10000,10000,1,1,spread,10,30.253854550,66.107279
mkl,double,THIN,thin003.hpc.rd.areasciencepark.it,10000,10000,10000,2,2,spread,10,15.766640480,126.850105
mkl,double,THIN,thin003.hpc.rd.areasciencepark.it,10000,10000,10000,3,3,spread,10,10.230641136,195.491169
mkl,double,THIN,thin003.hpc.rd.areasciencepark.it,10000,10000,10000,4,4,spread,10,7.567233516,264.297381
mkl,double,THIN,thin003.hpc.rd.areasciencepark.it,10000,10000,10000,5,5,spread,10,6.006345462,332.981180
mkl,double,THIN,thin003.hpc.rd.areasciencepark.it,10000,10000,10000,6,6,spread,10,4.993716585,400.503306
mkl,double,THIN,thin003.hpc.rd.areasciencepark.it,10000,10000,10000,7,7,spread,10,4.292134677,465.968603
mkl,double,THIN,thin003.hpc.rd.areasciencepark.it,10000,10000,10000,8,8,spread,10,3.726445502,536.704481
mkl,double,THIN,thin003.hpc.rd.areasciencepark.it,10000,10000,10000,9,9,spread,10,3.312007477,603.863371
mkl,double,THIN,thin003.hpc.rd.areasciencepark.it,10000,10000,10000,10,10,spread,10,2.984423525,670.146172
mkl,double,THIN,thin003.hpc.rd.areasciencepark.it,10000,10000,10000,11,11,spread,10,2.716213571,736.319125
mkl,double,THIN,thin003.hpc.rd.areasciencepark.it,10000,10000,10000,12,12,spread,10,2.492318859,802.465540
